ADDRESS,COMM_CODE,COMM_NAME,ASSESSMENT_CLASS,ASSESSMENT_CLASS_DESCRIPTION,YEAR_OF_CONSTRUCTION,PROPERTY_TYPE,LAT,LON,LAND_SIZE_SM,LAND_SIZE_SF,ASSESSED_VALUE
148 REDSTONE VI NE,RSN,REDSTONE,RE,Residential,2013,LI,51.1686951,-113.9694893,363.1,3908.0,803500
123 COPPERLEAF WY SE,CPF,COPPERFIELD,RE,Residential,2019,LI,50.9109591,-113.9288005,361.3,3889.0,628000
382V 70 SAGE HILL WK NW,SGH,SAGE HILL,RE,Residential,2023,LI,51.1707161,-114.1509422,3330.0,35845.0,10000
43 EVANSVIEW PA NW,EVN,EVANSTON,RE,Residential,2013,LI,51.1702067,-114.1200199,446.1,4802.0,856000
6 3620 29 ST NE,HOR,HORIZON,NR,Non-residential,1981,LI,51.0852414,-113.9902464,9816.0,105662.0,369000
58 MARTIN CROSSING CL NE,MRT,MARTINDALE,RE,Residential,1997,LI,51.119102,-113.9598286,283.8,3055.0,550500
804 683 10 ST SW,DNW,DOWNTOWN WEST END,RE,Residential,2001,LI,51.0472792,-114.0866754,12781.6,137584.0,245500
117 LEGACY GLEN ST SE,LEG,LEGACY,RE,Residential,2017,LI,50.8578276,-114.0031571,285.5,3073.0,584500
436V 211 13 AV SE,BLN,BELTLINE,RE,Residential,2010,LI,51.0398951,-114.0607103,3484.8,37512.0,25000
79 SKYVIEW SHORES RD NE,SKR,SKYVIEW RANCH,RE,Residential,2013,LI,51.1553196,-113.9677457,472.2,5083.0,768500
63 CASTLERIDGE CL NE,CAS,CASTLERIDGE,RE,Residential,1984,LI,51.1092427,-113.9535345,408.6,4398.0,535000
39 EVERSYDE CM SW,EVE,EVERGREEN,RE,Residential,2004,LI,50.9087613,-114.1117782,130.0,1399.0,416500
2841B 39 ST SW,GBK,GLENBROOK,RE,Residential,2008,LI,51.0273955,-114.1441423,278.7,3000.0,836500
2155V 7451 SPRINGBANK BV SW,SPH,SPRINGBANK HILL,RE,Residential,2000,LI,51.0168441,-114.1952559,5790.0,62323.0,10000
2215 36 ST SE,SOV,SOUTHVIEW,RE,Residential,1958,LI,51.0340758,-113.981796,535.4,5763.0,455000
355 SAVANNA PA NE,SAD,SADDLE RIDGE,RE,Residential,2020,LI,51.1378189,-113.9673146,358.9,3863.0,975000
5012 DALHOUSIE DR NW,DAL,DALHOUSIE,RE,Residential,1970,LI,51.1072603,-114.159039,320.8,3453.0,552000
83 GLADSTONE GD SW,GLA,GLAMORGAN,RE,Residential,1989,LI,51.013051,-114.1599032,18450.0,198594.0,525500
156V 1000 LAKE FRASER GR SE,LKB,LAKE BONAVISTA,RE,Residential,2002,LI,50.9454865,-114.0668972,6160.0,66308.0,10000
310 123 4 ST NE,CRE,CRESCENT HEIGHTS,RE,Residential,2019,LI,51.0531545,-114.0523124,873.1,9398.0,268500
1929 3 AV NW,WHL,WEST HILLHURST,RE,Residential,2021,LI,51.0549511,-114.1040885,481.5,5183.0,2270000
20709 MAIN ST SE,SET,SETON,RE,Residential,2022,LI,50.8665194,-113.9463468,250.8,2700.0,604000
1734 17 AV SW,SCA,SCARBORO,RE,Residential,1946,LI,51.0382818,-114.1021401,592.8,6381.0,620000
115 EDGELAND RD NW,EDG,EDGEMONT,RE,Residential,2015,LI,51.1255555,-114.1601366,666.9,7179.0,1450000
8522 21 AV SE,BVD,BELVEDERE,RE,Residential,2022,LI,51.0345814,-113.9105697,105.4,1135.0,492000
1114 70 PANAMOUNT DR NW,PAN,PANORAMA HILLS,RE,Residential,2003,LI,51.1581262,-114.0719312,2712.2,29195.0,309000
90 CRANFIELD CR SE,CRA,CRANSTON,RE,Residential,2001,LI,50.8910252,-113.9829082,391.8,4218.0,660500
6216 15 SAGE MEADOWS LD NW,SGH,SAGE HILL,RE,Residential,2022,LI,51.1794107,-114.133112,14605.7,157220.0,389000
35 TARAWOOD RD NE,TAR,TARADALE,RE,Residential,2003,LI,51.1220971,-113.9379899,279.0,3003.0,591500
19585 SHERIFF KING ST SW,YKV,YORKVILLE,RE,Residential,2018,LI,50.8753816,-114.0714365,133.9,1441.0,501000
124 3219 56 ST NE,PIN,PINERIDGE,RE,Residential,1976,LI,51.0800029,-113.9531742,13637.8,146796.0,382000
21 TARALEA CI NE,TAR,TARADALE,RE,Residential,2005,LI,51.1145954,-113.9361634,299.3,3221.0,558500
2601 211 13 AV SE,BLN,BELTLINE,RE,Residential,2010,LI,51.0398951,-114.0607103,3484.8,37512.0,310000
26 EVERGREEN PR SW,EVE,EVERGREEN,RE,Residential,2011,LI,50.9208155,-114.1078134,457.2,4921.0,1230000
1715 110 AV SW,BRA,BRAESIDE,RE,Residential,1967,LI,50.9542565,-114.099528,520.3,5601.0,535000
7308 70 PANAMOUNT DR NW,PAN,PANORAMA HILLS,RE,Residential,2004,LI,51.1582312,-114.0712871,2484.0,26738.0,323500
267 SILVERADO DR SW,SVO,SILVERADO,RE,Residential,2007,LI,50.8809165,-114.0768991,312.3,3362.0,645500
236 222 RIVERFRONT AV SW,CHN,CHINATOWN,RE,Residential,2008,LI,51.0528944,-114.0673454,199.1,2143.0,332000
608 MALVERN WY NE,MPK,MARLBOROUGH PARK,RE,Residential,1976,LI,51.0560022,-113.9374275,427.2,4598.0,503500
396 EVERGLADE CI SW,EVE,EVERGREEN,RE,Residential,2006,LI,50.9224891,-114.1257858,611.5,6582.0,966500
416 200 AUBURN MEADOWS CM SE,AUB,AUBURN BAY,RE,Residential,2017,LI,50.8920848,-113.9448826,3408.7,36692.0,478000
108 455 1 AV NE,CRE,CRESCENT HEIGHTS,RE,Residential,2021,LI,51.0529695,-114.0523125,1359.1,14630.0,281000
206 SILVERADO SKIES CM SW,SVO,SILVERADO,RE,Residential,2016,LI,50.8871166,-114.0807014,93.9,1011.0,462500
720 94 AV SE,ACA,ACADIA,RE,Residential,1962,LI,50.9688781,-114.0467626,510.5,5495.0,658500
223 8948B ELBOW DR SW,HAY,HAYSBORO,RE,Residential,1971,LI,50.9732976,-114.0826022,16066.0,172933.0,194500
166 SHANNON CR SW,SHN,SHAWNESSY,RE,Residential,1989,LI,50.909484,-114.088667,484.5,5216.0,639000
119 ROYAL RD NW,ROY,ROYAL OAK,RE,Residential,2003,LI,51.138541,-114.229102,553.3,5956.0,808000
431 6 AV SE,DNE,DOWNTOWN EAST VILLAGE,NR,Non-residential,1947,LI,51.0463472,-114.0538926,5710.0,61464.0,11370000
31 WOODLARK DR SW,WLD,WILDWOOD,RE,Residential,1957,LI,51.0553073,-114.1541694,695.6,7488.0,1030000
210 201 20 AV NE,TUX,TUXEDO PARK,RE,Residential,2011,LI,51.0705385,-114.0590418,2030.3,21855.0,413000
114 CITYSCAPE WY NE,CSC,CITYSCAPE,RE,Residential,2016,LI,51.1495978,-113.9622947,252.7,2720.0,716000
77 CRAMOND CL SE,CRA,CRANSTON,RE,Residential,2001,LI,50.894427,-113.9817755,298.5,3213.0,522000
804 3500 VARSITY DR NW,VAR,VARSITY,RE,Residential,1976,LI,51.0885181,-114.1395245,65652.9,706681.0,383000
602 733 14 AV SW,BLN,BELTLINE,RE,Residential,1967,LI,51.0398545,-114.0778851,3324.0,35780.0,306000
2335 162 AV SW,BRI,BRIDLEWOOD,NR,Non-residential,2003,LI,50.9049547,-114.1106524,42600.0,458558.0,37250000
113 SKYVIEW SHORES MR NE,SKR,SKYVIEW RANCH,RE,Residential,2011,LI,51.1561147,-113.9633115,352.6,3795.0,680000
23 COVENTRY VW NE,COV,COVENTRY HILLS,RE,Residential,2000,LI,51.1624957,-114.0528407,315.0,3391.0,482000
10182 46 ST NE,SAD,SADDLE RIDGE,RE,Residential,2021,LI,51.1383954,-113.9654963,323.1,3478.0,789000
208 40 PARKRIDGE VW SE,PKL,PARKLAND,RE,Residential,2001,LI,50.9191496,-114.0235291,6180.0,66521.0,409500
2 459 HUNTSVILLE CR NW,HUN,HUNTINGTON HILLS,RE,Residential,1971,LI,51.1140648,-114.0690286,2133.3,22963.0,266000
128 SILVERCREEK CR NW,SIL,SILVER SPRINGS,RE,Residential,1975,LI,51.1124528,-114.2092435,584.1,6288.0,680000
55 SILVER RIDGE RI NW,SIL,SILVER SPRINGS,RE,Residential,1977,LI,51.1120617,-114.1974464,516.1,5555.0,831000
1827 29 AV SW,SOC,SOUTH CALGARY,RE,Residential,1998,LI,51.0272455,-114.1036348,289.4,3115.0,897000
1913 48 AV SW,ALT,ALTADORE,RE,Residential,2018,LI,51.0105317,-114.1041497,284.1,3058.0,1280000
59 LANGTON DR SW,NGM,NORTH GLENMORE PARK,RE,Residential,1959,LI,51.0022224,-114.115274,602.3,6484.0,832500
305 EVERGLEN RI SW,EVE,EVERGREEN,RE,Residential,2006,LI,50.9114415,-114.1239141,295.6,3182.0,559500
711 DEERCROFT WY SE,DRN,DEER RUN,RE,Residential,1979,LI,50.9206321,-114.0008014,531.3,5719.0,580500
142 TUSCANY MEADOWS HT NW,TUS,TUSCANY,RE,Residential,2000,LI,51.1173386,-114.2368439,787.1,8472.0,1020000
143 ARBOUR LAKE HT NW,ARB,ARBOUR LAKE,RE,Residential,2022,LI,51.1315391,-114.2117177,339.2,3651.0,1040000
127 EDGERIDGE PA NW,EDG,EDGEMONT,RE,Residential,2000,LI,51.1371788,-114.1402655,485.4,5225.0,1120000
20 AUTUMN CO SE,AUB,AUBURN BAY,RE,Residential,2010,LI,50.8957867,-113.9722723,351.2,3780.0,629500
2712 LIONEL CR SW,LKV,LAKEVIEW,RE,Residential,1961,LI,50.9968889,-114.1210222,487.6,5249.0,820000
89 COVENTRY WY NE,COV,COVENTRY HILLS,RE,Residential,2000,LI,51.1624474,-114.0507913,394.0,4241.0,527500
41 ABERDARE RD NE,ABB,ABBEYDALE,RE,Residential,1980,LI,51.0552837,-113.925364,292.6,3150.0,483000
164 DEERSAXON CI SE,DRN,DEER RUN,RE,Residential,1986,LI,50.9193058,-114.0186923,564.8,6080.0,594000
512V 2330 FISH CREEK BV SW,EVE,EVERGREEN,RE,Residential,2015,LI,50.9217782,-114.115044,9041.0,97320.0,10000
41 MARTINVALLEY RD NE,MRT,MARTINDALE,RE,Residential,2001,LI,51.1227052,-113.9534373,296.2,3188.0,558500
75 SCHUBERT HL NW,SCE,SCENIC ACRES,RE,Residential,1991,LI,51.1265499,-114.2226891,536.9,5780.0,832500
140 DEERFIELD TC SE,DRG,DEER RIDGE,RE,Residential,1982,LI,50.9228906,-114.0174868,23390.2,251770.0,335000
1 1924 25 ST SW,RIC,RICHMOND,RE,Residential,1994,LI,51.0370438,-114.1201522,580.6,6250.0,459500
13005 6 ST SW,CAN,CANYON MEADOWS,RE,Residential,1976,LI,50.9367317,-114.0758919,14002.1,150717.0,408000
11 EDCATH RD NW,EDG,EDGEMONT,RE,Residential,1985,LI,51.1215044,-114.1414056,573.1,6169.0,930000
402 32 VARSITY ESTATES CI NW,VAR,VARSITY,RE,Residential,2014,LI,51.1031614,-114.1628632,2697.8,29040.0,632000
12435 LAKE FRASER WY SE,LKB,LAKE BONAVISTA,RE,Residential,1973,LI,50.9405751,-114.0667332,510.8,5499.0,1290000
105 100 AUBURN MEADOWS CM SE,AUB,AUBURN BAY,RE,Residential,2017,LI,50.8930829,-113.9448833,2465.3,26537.0,443500
2743 MORLEY TR NW,BNF,BANFF TRAIL,RE,Residential,1954,LI,51.0777283,-114.11255,618.2,6654.0,757500
300V 70 PANAMOUNT DR NW,PAN,PANORAMA HILLS,RE,Residential,2003,LI,51.1590516,-114.0720216,2973.7,32010.0,10000
139 SETON RI SE,SET,SETON,RE,Residential,2018,LI,50.867634,-113.9600605,396.0,4263.0,886500
20 HIDDEN CREEK TC NW,HID,HIDDEN VALLEY,RE,Residential,2001,LI,51.1591443,-114.0963538,487.0,5242.0,709000
23V 930 6 AV SW,DNC,DOWNTOWN COMMERCIAL CORE,RE,Residential,2013,LI,51.0481,-114.082779,1810.0,19483.0,37000
603V 4150 SETON DR SE,SET,SETON,RE,Residential,2018,LI,50.8770365,-113.9516262,5005.6,53882.0,10000
136 CORNER GLEN CR NE,CNS,CORNERSTONE,RE,Residential,2023,LI,51.1668842,-113.935793,306.0,3294.0,747000
6707 HUNTCHESTER RD NE,HUN,HUNTINGTON HILLS,RE,Residential,1973,LI,51.1128505,-114.0577802,414.3,4460.0,594000
328 ALCOTT CR SE,ACA,ACADIA,RE,Residential,1962,LI,50.9660817,-114.0640141,463.7,4992.0,550000
126 AUTUMN CI SE,AUB,AUBURN BAY,RE,Residential,2007,LI,50.8992404,-113.9652754,405.0,4359.0,786500
54 ASCOT CR SW,ASP,ASPEN WOODS,RE,Residential,2013,LI,51.0511889,-114.2194092,835.0,8988.0,1770000
1001 4944 DALTON DR NW,DAL,DALHOUSIE,RE,Residential,1977,LI,51.1023308,-114.1538578,14520.3,156295.0,227500
3205 20 HARVEST ROSE PA NE,HAR,HARVEST HILLS,RE,Residential,1998,LI,51.1421185,-114.0627426,5605.2,60334.0,298500
79V 180 9 ST NE,BRD,BRIDGELAND/RIVERSIDE,RE,Residential,2006,LI,51.0528499,-114.0391903,2510.0,27018.0,15000
10 REDSTONE HT NE,RSN,REDSTONE,RE,Residential,2017,LI,51.1737509,-113.9639024,369.3,3975.0,887000
1408 1010 6 ST SW,BLN,BELTLINE,RE,Residential,2014,LI,51.0432384,-114.0758363,1510.6,16261.0,373000
110 BRIDLEPOST GR SW,BRI,BRIDLEWOOD,RE,Residential,2001,LI,50.8998733,-114.1066115,388.6,4183.0,653000
209 15 EVERSTONE DR SW,EVE,EVERGREEN,RE,Residential,2005,LI,50.9073119,-114.1057269,6496.0,69925.0,437000
5304 279 COPPERPOND CM SE,CPF,COPPERFIELD,RE,Residential,2012,LI,50.9250964,-113.9330211,1941.2,20896.0,319500
210 15 AV NE,CRE,CRESCENT HEIGHTS,RE,Residential,2014,LI,51.0664315,-114.0591039,947.1,10195.0,6170000
590V 200 SETON CI SE,SET,SETON,RE,Residential,2022,LI,50.8694629,-113.9561918,2280.0,24543.0,10000
112V 801 2 AV SW,EAU,EAU CLAIRE,RE,Residential,1996,LI,51.0512622,-114.0793539,1990.1,21421.0,37000
2405 30 ST SW,KIL,KILLARNEY/GLENGARRY,RE,Residential,1950,LI,51.0329351,-114.1313999,557.1,5997.0,739000
205 SILVER RIDGE CL NW,SIL,SILVER SPRINGS,RE,Residential,1974,LI,51.1047147,-114.1931313,592.5,6377.0,852500
778V 2330 FISH CREEK BV SW,EVE,EVERGREEN,RE,Residential,2020,LI,50.9226059,-114.1170015,8260.0,88913.0,10000
192 CRANBROOK DR SE,CRA,CRANSTON,RE,Residential,2018,LI,50.8764574,-113.9867647,536.9,5779.0,1260000
3511 CEDARILLE DR SW,CED,CEDARBRAE,RE,Residential,1978,LI,50.9546394,-114.1354584,408.6,4398.0,533000
301 WILDWOOD DR SW,WLD,WILDWOOD,RE,Residential,1957,LI,51.0582127,-114.1555055,650.8,7005.0,962500
8327 33 AV NW,BOW,BOWNESS,RE,Residential,1959,LI,51.0880534,-114.208248,1392.9,14993.0,650500
239 QUEEN TAMARA WY SE,QLD,QUEENSLAND,RE,Residential,1975,LI,50.9418232,-114.0241155,529.5,5699.0,607500
184 COPPERSTONE GD SE,CPF,COPPERFIELD,RE,Residential,2008,LI,50.9185043,-113.921361,301.8,3248.0,557000
1078V 7451 SPRINGBANK BV SW,SPH,SPRINGBANK HILL,RE,Residential,1999,LI,51.0175823,-114.1947215,9920.0,106778.0,10000
152 MIDGLEN WY SE,MID,MIDNAPORE,RE,Residential,1978,LI,50.9153584,-114.0502949,464.2,4997.0,568000
318 333 GARRY CR NE,GRV,GREENVIEW,RE,Residential,1980,LI,51.0965301,-114.0554625,7809.7,84063.0,155500
383 MOUNTAIN PARK DR SE,MCK,MCKENZIE LAKE,RE,Residential,1998,LI,50.9033345,-113.9937475,472.2,5082.0,776000
119 GLENPATRICK DR SW,GBK,GLENBROOK,RE,Residential,1961,LI,51.0229377,-114.15713,587.2,6321.0,937000
308 60 SAGE HILL WK NW,SGH,SAGE HILL,RE,Residential,2022,LI,51.1712488,-114.1501733,3280.0,35307.0,330000
28 SCENIC GLEN GA NW,SCE,SCENIC ACRES,RE,Residential,1987,LI,51.1142291,-114.212912,419.0,4510.0,688000
109 EDGEVIEW RD NW,EDG,EDGEMONT,RE,Residential,1990,LI,51.1269415,-114.1502202,719.9,7749.0,1170000
3000 70 PANAMOUNT DR NW,PAN,PANORAMA HILLS,RE,Residential,2003,LI,51.1590516,-114.0720216,2973.7,32010.0,10000
476 WOLF CREEK WY SE,WWO,WOLF WILLOW,RE,Residential,2022,LI,50.8734107,-114.0094427,404.3,4351.0,877500
955 LAKE ARROW WY SE,LKB,LAKE BONAVISTA,RE,Residential,1972,LI,50.9345053,-114.0456828,501.2,5395.0,1200000
126 LIVINGSTON AV NE,LIV,LIVINGSTON,RE,Residential,2023,LI,51.1868451,-114.0685151,222.4,2394.0,627000
4612 VARSITY DR NW,VAR,VARSITY,NR,Non-residential,1971,LI,51.0932813,-114.1536892,3239.2,34867.0,833000
423 SHERWOOD BV NW,SHW,SHERWOOD,RE,Residential,2018,LI,51.1650564,-114.157031,466.1,5017.0,780500
1916 19 AV NW,BNF,BANFF TRAIL,RE,Residential,1952,LI,51.0700585,-114.1053773,557.2,5997.0,725000
74 COVILLE CI NE,COV,COVENTRY HILLS,RE,Residential,2001,LI,51.1721576,-114.0415127,348.6,3752.0,529500
1050 REGAL CR NE,REN,RENFREW,RE,Residential,2022,LI,51.0629048,-114.0386777,278.7,3000.0,946000
402 733 14 AV SW,BLN,BELTLINE,RE,Residential,1967,LI,51.0398545,-114.0778851,3324.0,35780.0,300000
67 EVANSCOVE HT NW,EVN,EVANSTON,RE,Residential,2006,LI,51.1666859,-114.1162047,428.8,4615.0,780500
157 BRIDLECREST MR SW,BRI,BRIDLEWOOD,RE,Residential,2004,LI,50.9029548,-114.1211589,557.7,6003.0,755000
419 ASTORIA CR SE,ACA,ACADIA,RE,Residential,1961,LI,50.9649791,-114.0573834,464.8,5003.0,605000
3313 118 SILVERGROVE DR NW,SIL,SILVER SPRINGS,RE,Residential,1977,LI,51.1130932,-114.2023084,33509.2,360689.0,244500
1401 STRATHCONA DR SW,STR,STRATHCONA PARK,RE,Residential,1999,LI,51.0521791,-114.1966805,682.1,7342.0,992000
4224 VAUXHALL CR NW,VAR,VARSITY,RE,Residential,1964,LI,51.0898287,-114.1487473,561.7,6046.0,1140000
38 ALPINE GD SW,ALP,ALPINE PARK,RE,Residential,2024,LI,50.9197656,-114.1471846,323.0,3477.0,474000
2723 LINDEN DR SW,LKV,LAKEVIEW,RE,Residential,1996,LI,50.9909293,-114.1230044,1639.0,17642.0,5120000
301 4000 SOMERVALE CO SW,SOM,SOMERSET,RE,Residential,2001,LI,50.89553,-114.0671056,11050.0,118941.0,317500
10 SILVERADO PLAINS CM SW,SVO,SILVERADO,RE,Residential,2012,LI,50.8789773,-114.0861733,342.7,3688.0,688000
95 CORAL SPRINGS CI NE,COR,CORAL SPRINGS,RE,Residential,1995,LI,51.1096783,-113.9341871,305.5,3288.0,575500
14792 DEER RUN DR SE,DRN,DEER RUN,RE,Residential,1980,LI,50.9199363,-113.9987834,547.2,5890.0,667000
3106 210 15 AV SE,BLN,BELTLINE,RE,Residential,2008,LI,51.0390499,-114.0605393,863.0,9290.0,321500
513 AUBURN BAY CI SE,AUB,AUBURN BAY,RE,Residential,2012,LI,50.8850154,-113.9521989,933.3,10046.0,343000
20 BERNARD RD NW,BED,BEDDINGTON HEIGHTS,RE,Residential,1981,LI,51.1359649,-114.0786441,409.4,4407.0,495000
1838 46 ST SE,FLN,FOREST LAWN,RE,Residential,1975,LI,51.0364771,-113.966521,312.7,3366.0,431500
103 60 PROMENADE WY SE,MCT,MCKENZIE TOWNE,RE,Residential,1999,LI,50.913795,-113.9655458,3134.9,33745.0,309000
73 SHERVIEW PT NW,SHW,SHERWOOD,RE,Residential,2017,LI,51.1631784,-114.153555,829.0,8924.0,950000
425 LAKE SIMCOE CR SE,LKB,LAKE BONAVISTA,RE,Residential,1979,LI,50.9333155,-114.060406,654.0,7040.0,1250000
52 BERMONDSEY RD NW,BED,BEDDINGTON HEIGHTS,RE,Residential,1980,LI,51.1274933,-114.0887523,285.9,3077.0,460000
1650 210 AV SE,WAL,WALDEN,RE,Residential,2018,LI,50.8636989,-114.0244167,1158.7,12473.0,394500
17 7900 SILVER SPRINGS RD NW,SIL,SILVER SPRINGS,RE,Residential,1980,LI,51.1105837,-114.200055,9307.8,100188.0,435000
135 41 AV NW,HPK,HIGHLAND PARK,RE,Residential,1955,LI,51.0895477,-114.0643686,557.0,5996.0,628000
303 28 AUBURN BAY LI SE,AUB,AUBURN BAY,RE,Residential,2013,LI,50.8847893,-113.9517829,5180.2,55761.0,385000
1115 38 AV SW,EPK,ELBOW PARK,RE,Residential,1952,LI,51.0200328,-114.0886869,811.8,8738.0,1530000
12 AUBURN SOUND TC SE,AUB,AUBURN BAY,RE,Residential,2005,LI,50.8868226,-113.9636824,532.5,5732.0,977500
438V 365 SAGE VALLEY CM NW,SGH,SAGE HILL,RE,Residential,2019,LI,51.1819445,-114.1576343,4545.7,48932.0,10000
24 STRATHCONA CR SW,STR,STRATHCONA PARK,RE,Residential,1981,LI,51.0488125,-114.1659632,245.7,2644.0,495500
83 FREDSON DR SE,FAI,FAIRVIEW,RE,Residential,1959,LI,50.9821035,-114.0550483,576.0,6200.0,673000
27 DOUGLAS GLEN PL SE,DDG,DOUGLASDALE/GLEN,RE,Residential,1994,LI,50.9517894,-114.0079952,382.0,4112.0,671000
2218 35 ST SE,SOV,SOUTHVIEW,RE,Residential,1959,LI,51.0339438,-113.9824047,535.4,5763.0,497500
129 123 QUEENSLAND DR SE,QLD,QUEENSLAND,RE,Residential,1977,LI,50.9331787,-114.0320701,50770.0,546483.0,346500
88 BOWDALE CR NW,BOW,BOWNESS,RE,Residential,1973,LI,51.0761448,-114.1819764,3967.0,42702.0,1130000
308 836 ROYAL AV SW,LMR,LOWER MOUNT ROYAL,RE,Residential,2011,LI,51.0356167,-114.0808304,1726.7,18586.0,478000
115 SETON GD SE,SET,SETON,RE,Residential,2019,LI,50.866357,-113.9557384,273.3,2942.0,725500
203 CHRISTIE PARK VW SW,CHR,CHRISTIE PARK,RE,Residential,1993,LI,51.0393391,-114.1802833,609.4,6560.0,1140000
3210 825 8 AV SW,DNC,DOWNTOWN COMMERCIAL CORE,RE,Residential,1971,LI,51.0459232,-114.0800309,2006.5,21598.0,174500
240 LUCAS CR NW,LIV,LIVINGSTON,RE,Residential,2019,LI,51.1849607,-114.0792532,538.1,5792.0,977000
185V 1727 54 ST SE,PEN,PENBROOKE MEADOWS,RE,Residential,2007,LI,51.0380428,-113.9565939,4440.0,47793.0,10000
1003 39 HIDDEN CREEK PL NW,HID,HIDDEN VALLEY,RE,Residential,1999,LI,51.1563611,-114.1056889,5711.0,61473.0,399000
29 MARTHA'S MEADOW PL NE,MRT,MARTINDALE,RE,Residential,2000,LI,51.1239802,-113.9658492,343.0,3692.0,675500
1601 3500 VARSITY DR NW,VAR,VARSITY,RE,Residential,1976,LI,51.0885181,-114.1395245,65652.9,706681.0,380500
11 HIDDEN CREEK GR NW,HID,HIDDEN VALLEY,RE,Residential,1998,LI,51.1545719,-114.1036332,448.1,4823.0,883500
43 RIVERGLEN RD SE,RIV,RIVERBEND,RE,Residential,1989,LI,50.9736449,-114.0117146,366.4,3944.0,574500
54 ARBOUR WOOD CR NW,ARB,ARBOUR LAKE,RE,Residential,1996,LI,51.1312767,-114.2068693,389.1,4188.0,660500
7772 SPRINGBANK WY SW,SPH,SPRINGBANK HILL,RE,Residential,2000,LI,51.0210151,-114.1982166,502.3,5407.0,842500
16406 SOMERVALE LI SW,SOM,SOMERSET,RE,Residential,1997,LI,50.9005804,-114.0720648,289.1,3111.0,426500
2314 22 ST NW,BNF,BANFF TRAIL,RE,Residential,2014,LI,51.0712605,-114.1099772,279.2,3005.0,951000
304 10 SHAWNEE HL SW,SHS,SHAWNEE SLOPES,RE,Residential,2007,LI,50.9225067,-114.0759022,10249.1,110324.0,284000
69 4940 39 AV SW,GBK,GLENBROOK,RE,Residential,1976,LI,51.0206996,-114.1567392,22621.9,243500.0,321000
2103 650 10 ST SW,DNW,DOWNTOWN WEST END,RE,Residential,2000,LI,51.0479598,-114.0849264,2490.0,26802.0,469000
185 CRANBROOK PT SE,CRA,CRANSTON,RE,Residential,2021,LI,50.8751963,-113.9906171,923.2,9937.0,2440000
3308 45 ST SW,GBK,GLENBROOK,RE,Residential,1958,LI,51.0252003,-114.151849,499.0,5371.0,688500
57 MACEWAN RIDGE CL NW,MAC,MACEWAN,RE,Residential,1990,LI,51.1411147,-114.1150353,430.1,4629.0,706500
104 MASTERS WY SE,MAH,MAHOGANY,RE,Residential,2017,LI,50.8936286,-113.9232656,441.7,4754.0,1210000
4008 NEW BRIGHTON GV SE,NEB,NEW BRIGHTON,RE,Residential,2013,LI,50.9205689,-113.9335865,305.7,3290.0,563000
191V 888 4 AV SW,DNC,DOWNTOWN COMMERCIAL CORE,RE,Residential,2010,LI,51.0500566,-114.0801799,639.2,6881.0,37000
338 EVANSPARK CI NW,EVN,EVANSTON,RE,Residential,2008,LI,51.1697344,-114.115249,451.1,4856.0,874000
37 ALPINE LN SW,ALP,ALPINE PARK,RE,Residential,2023,LI,50.9187879,-114.1443577,327.0,3520.0,930500
86 LAYCOCK DR NE,GRV,GREENVIEW,RE,Residential,1956,LI,51.0945793,-114.0612076,516.1,5555.0,636500
56 THAMES PL NW,THO,THORNCLIFFE,RE,Residential,1976,LI,51.1069949,-114.0788504,510.8,5499.0,738500
860 QUEENSLAND DR SE,QLD,QUEENSLAND,RE,Residential,1981,LI,50.9357499,-114.0167799,300.6,3236.0,499000
75 FAIRVIEW DR SE,FAI,FAIRVIEW,RE,Residential,1959,LI,50.985845,-114.065924,612.4,6592.0,651500
156 COVENTRY CI NE,COV,COVENTRY HILLS,RE,Residential,2001,LI,51.1608414,-114.0484879,485.7,5228.0,606000
4316 DOVERWOOD PL SE,DOV,DOVER,RE,Residential,1971,LI,51.0296798,-113.9730895,651.6,7014.0,651500
2631 12 AV NW,STA,ST. ANDREWS HEIGHTS,RE,Residential,1953,LI,51.0620461,-114.1235788,580.0,6243.0,912500
203 SADDLEBROOK PT NE,SAD,SADDLE RIDGE,RE,Residential,2008,LI,51.138468,-113.9338047,75.4,812.0,330500
293V 30 SIERRA MORENA LD SW,SIG,SIGNAL HILL,RE,Residential,2004,LI,51.0158347,-114.1898352,9270.0,99785.0,10000
303 211 13 AV SE,BLN,BELTLINE,RE,Residential,2010,LI,51.0398951,-114.0607103,3484.8,37512.0,410000
19V 1121 6 AV SW,DNW,DOWNTOWN WEST END,RE,Residential,2003,LI,51.0480232,-114.0871671,3130.0,33692.0,37000
186 SOMERSIDE PA SW,SOM,SOMERSET,RE,Residential,1995,LI,50.9016174,-114.0940739,303.6,3268.0,538000
614 8880 HORTON RD SW,HAY,HAYSBORO,RE,Residential,2006,LI,50.9741203,-114.0748528,5091.0,54801.0,330000
116 2144 PALISWOOD RD SW,PAL,PALLISER,RE,Residential,1995,LI,50.9707266,-114.1082602,7940.0,85465.0,505500
6587 DALRYMPLE WY NW,DAL,DALHOUSIE,RE,Residential,1976,LI,51.1123839,-114.1642578,696.4,7497.0,801500
205 881 SAGE VALLEY BV NW,SGH,SAGE HILL,RE,Residential,2012,LI,51.1750323,-114.1546818,1204.7,12967.0,427500
940 LAKE ARROW WY SE,LKB,LAKE BONAVISTA,RE,Residential,1972,LI,50.9346802,-114.0450324,464.2,4997.0,981500
509 LIVINGSTON HL NE,LIV,LIVINGSTON,RE,Residential,2021,LI,51.1869727,-114.057906,393.5,4236.0,867000
624 HUNTERSTON CR NW,HUN,HUNTINGTON HILLS,RE,Residential,1969,LI,51.1234074,-114.0749837,531.2,5717.0,721500
11441 ROCKYVALLEY DR NW,ROC,ROCKY RIDGE,RE,Residential,2002,LI,51.1480747,-114.2544195,514.0,5533.0,777500
60 HIDDEN GR NW,HID,HIDDEN VALLEY,RE,Residential,1994,LI,51.1456735,-114.1170843,335.3,3610.0,550500
12 37 ST SW,SPR,SPRUCE CLIFF,RE,Residential,1955,LI,51.0534527,-114.1405181,665.7,7166.0,1000000
13 EVERBROOK DR SW,EVE,EVERGREEN,RE,Residential,2005,LI,50.9177758,-114.1104968,435.8,4691.0,829000
82 ARBOUR WOOD CR NW,ARB,ARBOUR LAKE,RE,Residential,1995,LI,51.1309569,-114.2078529,445.5,4795.0,694000
118 PATINA PT SW,PAT,PATTERSON,RE,Residential,1994,LI,51.0582738,-114.1695919,18300.0,196979.0,432000
36 SPRING WILLOW CL SW,SPH,SPRINGBANK HILL,RE,Residential,2021,LI,51.0324093,-114.2053131,19100.0,205597.0,668500
77 COPPERFIELD CM SE,CPF,COPPERFIELD,RE,Residential,2005,LI,50.908808,-113.9360885,422.4,4547.0,638500
50 HIDDEN RIDGE CL NW,HID,HIDDEN VALLEY,RE,Residential,1995,LI,51.1504688,-114.1133827,527.8,5681.0,901500
9 SAGE MEADOWS CI NW,SGH,SAGE HILL,RE,Residential,2019,LI,51.1731228,-114.1330543,112.9,1215.0,565500
159 210 AV SW,BLM,BELMONT,NR,Non-residential,2000,LI,50.8632087,-114.0362079,84000.0,904198.0,3680000
20 COUNTRY HILLS LD NW,COU,COUNTRY HILLS,NR,Non-residential,2000,LI,51.1426076,-114.0720198,3910.0,42088.0,2360000
1006 18 AV SE,RAM,RAMSAY,RE,Residential,2013,LI,51.0374101,-114.0392107,259.5,2794.0,962500
116 WOLF CREEK GD SE,WWO,WOLF WILLOW,RE,Residential,2023,LI,50.8733221,-114.0058636,263.2,2833.0,706500
5819 DALGLEISH RD NW,DAL,DALHOUSIE,RE,Residential,1969,LI,51.1057378,-114.1539156,731.3,7872.0,1020000
30 TUSCANY SPRINGS PL NW,TUS,TUSCANY,RE,Residential,2002,LI,51.1351019,-114.2402541,289.2,3113.0,598000
40 DEERMONT WY SE,DRG,DEER RIDGE,RE,Residential,1978,LI,50.9282167,-114.0164273,527.2,5675.0,587000
412 MIDPARK BV SE,MID,MIDNAPORE,RE,Residential,1986,LI,50.9086931,-114.0580059,440.1,4738.0,636000
120 ROCKY RIDGE LD NW,ROC,ROCKY RIDGE,RE,Residential,1997,LI,51.1455208,-114.2373134,504.2,5427.0,874500
438 COPPERSTONE MR SE,CPF,COPPERFIELD,RE,Residential,2021,LI,50.9119185,-113.9292224,45673.7,491644.0,576500
260 HIDDEN VALLEY GV NW,HID,HIDDEN VALLEY,RE,Residential,1998,LI,51.1478607,-114.1028428,437.9,4714.0,751500
47 CITYLINE PT NE,CSC,CITYSCAPE,RE,Residential,2023,LI,51.1402333,-113.9517004,288.8,3109.0,652000
5222 MARBANK DR NE,MRL,MARLBOROUGH,RE,Residential,1975,LI,51.0622751,-113.9589502,263.4,2836.0,396000
108 11170 30 ST SW,CED,CEDARBRAE,RE,Residential,2005,LI,50.9532233,-114.1289929,2217.0,23864.0,326000
2340 6 AV NW,WHL,WEST HILLHURST,RE,Residential,1977,LI,51.0582763,-114.1151555,301.9,3250.0,563000
16 MILLCREST GR SW,MLR,MILLRISE,RE,Residential,1983,LI,50.9146948,-114.0875725,527.7,5681.0,538500
92 BRIDLEWOOD CI SW,BRI,BRIDLEWOOD,RE,Residential,1997,LI,50.9037342,-114.0997916,475.0,5113.0,711000
3130 2 ROYAL VISTA LI NW,RYV,ROYAL VISTA,NR,Non-residential,2020,LI,51.1532865,-114.2047005,10318.8,111075.0,657000
135 RANCHRIDGE DR NW,RAN,RANCHLANDS,RE,Residential,1981,LI,51.1228564,-114.1854162,371.9,4003.0,521000
37 SUN HARBOUR WY SE,SDC,SUNDANCE,RE,Residential,1989,LI,50.8962821,-114.0324126,478.2,5147.0,664500
218 PANORAMA HILLS LN NW,PAN,PANORAMA HILLS,RE,Residential,2000,LI,51.1535299,-114.068401,408.0,4392.0,690000
26 WEST GROVE ME SW,WSP,WEST SPRINGS,RE,Residential,2019,LI,51.0548693,-114.1946152,341.0,3671.0,1120000
71S 228 26 AV SW,MIS,MISSION,RE,Residential,2000,LI,51.0300439,-114.0680646,2400.0,25833.0,3000
80 COUNTRY HILLS WY NW,COU,COUNTRY HILLS,RE,Residential,1997,LI,51.148993,-114.0684269,291.0,3132.0,488000
52 SKYVIEW RANCH LN NE,SKR,SKYVIEW RANCH,RE,Residential,2013,LI,51.1637383,-113.9490762,249.4,2685.0,550000
45 CREEKSTONE MR SW,PCK,PINE CREEK,RE,Residential,2024,LI,50.8581208,-114.0694072,405.9,4369.0,385000
303 832 4A ST NE,REN,RENFREW,RE,Residential,1978,LI,51.0594927,-114.0506909,592.0,6372.0,277500
259 CORAL SPRINGS CI NE,COR,CORAL SPRINGS,RE,Residential,1995,LI,51.108479,-113.9317958,346.6,3731.0,539000
104A 11 ST NE,BRD,BRIDGELAND/RIVERSIDE,RE,Residential,2021,LI,51.0526238,-114.0362433,219.5,2363.0,1020000
710 5204 DALTON DR NW,DAL,DALHOUSIE,RE,Residential,1981,LI,51.100451,-114.1491096,7365.8,79285.0,214000
272V 550 RIVERFRONT AV SE,DNE,DOWNTOWN EAST VILLAGE,RE,Residential,2012,LI,51.0475453,-114.0495841,3053.7,32871.0,37000
172 MT SELKIRK CL SE,MCK,MCKENZIE LAKE,RE,Residential,1997,LI,50.9174519,-113.9870596,406.7,4378.0,711000
569V 155 SKYVIEW RANCH WY NE,SKR,SKYVIEW RANCH,RE,Residential,2012,LI,51.1648283,-113.9641307,2553.4,27485.0,10000
902 300 MEREDITH RD NE,CRE,CRESCENT HEIGHTS,RE,Residential,1978,LI,51.0534089,-114.0559754,5493.9,59136.0,299000
2406 1317 27 ST SE,ALB,ALBERT PARK/RADISSON HEIGHTS,RE,Residential,2013,LI,51.0412665,-113.9960909,1256.0,13520.0,296500
14231 PARKLAND BV SE,PKL,PARKLAND,RE,Residential,1975,LI,50.9245916,-114.029263,579.6,6239.0,731500
39 EDCATH RD NW,EDG,EDGEMONT,RE,Residential,1985,LI,51.1220378,-114.1426275,559.4,6021.0,1030000
352 COPPERPOND BV SE,CPF,COPPERFIELD,RE,Residential,2011,LI,50.9241956,-113.928317,287.4,3094.0,553500
416 BRIDLEMEADOWS CM SW,BRI,BRIDLEWOOD,RE,Residential,2005,LI,50.898127,-114.1154236,385.2,4146.0,606500
7804 34 AV NW,BOW,BOWNESS,RE,Residential,1963,LI,51.0852001,-114.1995331,517.2,5567.0,522500
1056 CORNERSTONE ST NE,CNS,CORNERSTONE,RE,Residential,2016,LI,51.1621244,-113.9422455,262.8,2828.0,568500
433 LIVINGSTON HL NE,LIV,LIVINGSTON,RE,Residential,2021,LI,51.1862523,-114.056114,377.7,4066.0,871500
12 EDGEFORD WY NW,EDG,EDGEMONT,RE,Residential,1979,LI,51.1204353,-114.1573413,245.2,2639.0,460000
16 MAGNOLIA HE SE,MAH,MAHOGANY,RE,Residential,2020,LI,50.8917081,-113.9212746,386.5,4161.0,1030000
325 MASTERS AV SE,MAH,MAHOGANY,RE,Residential,2022,LI,50.8932462,-113.9200148,340.6,3666.0,775000
79 SIERRA NEVADA GR SW,SIG,SIGNAL HILL,RE,Residential,1997,LI,51.0126599,-114.1859156,429.0,4618.0,783000
2132 70 GLAMIS DR SW,GLA,GLAMORGAN,RE,Residential,1981,LI,51.0151691,-114.1599044,19740.0,212479.0,279000
188 BERWICK DR NW,BED,BEDDINGTON HEIGHTS,RE,Residential,1979,LI,51.1307796,-114.0911889,376.1,4049.0,510000
2214 27 AV SW,RIC,RICHMOND,RE,Residential,2011,LI,51.0295997,-114.1127035,289.9,3121.0,939500
2207 25 AV NW,BNF,BANFF TRAIL,RE,Residential,1954,LI,51.0750838,-114.1106218,557.7,6004.0,812000
132 WHITEFIELD DR NE,WHI,WHITEHORN,RE,Residential,1981,LI,51.0884596,-113.980523,313.4,3374.0,458500
302 838 19 AV SW,LMR,LOWER MOUNT ROYAL,RE,Residential,2002,LI,51.0364658,-114.0802876,3622.7,38995.0,339000
314 626 14 AV SW,BLN,BELTLINE,RE,Residential,2011,LI,51.040312,-114.0750629,2420.0,26050.0,363000
178 EVERGLEN CR SW,EVE,EVERGREEN,RE,Residential,2007,LI,50.9140827,-114.125564,362.1,3898.0,690500
348 SILVERADO DR SW,SVO,SILVERADO,RE,Residential,2008,LI,50.8791323,-114.0780353,311.7,3355.0,477500
184 MAGNOLIA TC SE,MAH,MAHOGANY,RE,Residential,2021,LI,50.8887706,-113.9157207,398.9,4294.0,971500
569V 755 COPPERPOND BV SE,CPF,COPPERFIELD,RE,Residential,2013,LI,50.920606,-113.9195072,2202.8,23712.0,10000
10503 SACRAMENTO DR SW,SOW,SOUTHWOOD,RE,Residential,1966,LI,50.9592681,-114.0771796,590.2,6353.0,615500
50 VALLEY PONDS CR NW,VAL,VALLEY RIDGE,RE,Residential,1998,LI,51.0893866,-114.2529076,512.3,5515.0,661000
7700 41 AV NW,BOW,BOWNESS,RE,Residential,1982,LI,51.0898325,-114.1974891,1254.5,13504.0,3560000
175V 95 BURMA STAR RD SW,CUR,CURRIE BARRACKS,RE,Residential,2015,LI,51.0152099,-114.1297875,11527.4,124084.0,10000
7428 HUNTERTOWN CR NW,HUN,HUNTINGTON HILLS,RE,Residential,1968,LI,51.1192747,-114.0744779,528.0,5684.0,588500
4316 53 ST NE,TEM,TEMPLE,RE,Residential,1979,LI,51.0903858,-113.9551878,513.2,5525.0,643000
101 CITYSCAPE GD NE,CSC,CITYSCAPE,RE,Residential,2014,LI,51.1507444,-113.969047,322.1,3467.0,830000
419 SILVERTHORN WY NW,SIL,SILVER SPRINGS,RE,Residential,1975,LI,51.1123531,-114.2019907,693.1,7461.0,797500
326 SILVERADO WY SW,SVO,SILVERADO,RE,Residential,2011,LI,50.8816461,-114.0825864,427.6,4603.0,735500
8520 CENTRE ST NE,BED,BEDDINGTON HEIGHTS,RE,Residential,1980,LI,51.1321845,-114.0708267,239.8,2581.0,395000
82 CARRINGSBY LD NW,CAR,CARRINGTON,RE,Residential,2020,LI,51.1769174,-114.0870067,379.5,4085.0,966000
49 LEGACY GLEN CR SE,LEG,LEGACY,RE,Residential,2021,LI,50.8550664,-114.0034543,395.6,4258.0,841500
7416 HUNTERFIELD RD NW,HUN,HUNTINGTON HILLS,RE,Residential,1968,LI,51.1191996,-114.0716346,582.3,6268.0,604000
915 24 AV NW,MOP,MOUNT PLEASANT,RE,Residential,2013,LI,51.0736971,-114.0821796,792.9,8536.0,2200000
39 EVERGREEN WY SW,EVE,EVERGREEN,RE,Residential,1997,LI,50.9252959,-114.0970873,476.7,5131.0,842500
202 4455D GREENVIEW DR NE,GRV,GREENVIEW,RE,Residential,1973,LI,51.0919979,-114.0576622,10553.9,113604.0,230500
6516 LARKSPUR WY SW,NGM,NORTH GLENMORE PARK,RE,Residential,1960,LI,50.9957731,-114.1149121,642.3,6914.0,967500
543 ABOYNE CR NE,ABB,ABBEYDALE,RE,Residential,1978,LI,51.0620573,-113.9338311,232.6,2504.0,396500
116 SCIMITAR HE NW,SCE,SCENIC ACRES,RE,Residential,2000,LI,51.1060781,-114.213957,384.4,4138.0,560000
241 22 AV NW,TUX,TUXEDO PARK,RE,Residential,1947,LI,51.0720098,-114.0663141,580.5,6249.0,716500
457 SADDLELAKE DR NE,SAD,SADDLE RIDGE,RE,Residential,2013,LI,51.1322306,-113.9339074,348.0,3746.0,904000
3820 44 AV NE,WHI,WHITEHORN,RE,Residential,1981,LI,51.0912962,-113.9783104,310.7,3345.0,466500
3 MACEWAN GLEN WY NW,MAC,MACEWAN,RE,Residential,1981,LI,51.1313745,-114.1129157,441.9,4757.0,566500
102 903 19 AV SW,LMR,LOWER MOUNT ROYAL,RE,Residential,1968,LI,51.0356165,-114.0819861,2304.0,24800.0,187000
971 MCKENZIE DR SE,MCK,MCKENZIE LAKE,RE,Residential,1984,LI,50.9030432,-113.9819779,402.0,4327.0,600500
2517 14 AV SE,ALB,ALBERT PARK/RADISSON HEIGHTS,RE,Residential,1956,LI,51.0400736,-114.0004292,555.5,5979.0,433000
135 PRESTWICK LD SE,MCT,MCKENZIE TOWNE,RE,Residential,1999,LI,50.9183901,-113.9670585,421.5,4538.0,574000
2216 200 SETON CI SE,SET,SETON,RE,Residential,2022,LI,50.870476,-113.955486,2390.0,25727.0,450500
3736 35 AV SW,RUT,RUTLAND PARK,RE,Residential,1957,LI,51.0219953,-114.1397325,543.1,5846.0,760000
164V 2371 EVERSYDE AV SW,EVE,EVERGREEN,RE,Residential,2005,LI,50.9079245,-114.1129162,6735.0,72497.0,10000
108 ABBERCOVE WY SE,ABB,ABBEYDALE,RE,Residential,1982,LI,51.0507573,-113.9340939,491.1,5286.0,431500
9120 52 ST NE,SAD,SADDLE RIDGE,RE,Residential,2017,LI,51.1344238,-113.9581957,249.4,2685.0,574500
304 314 14 ST NW,HIL,HILLHURST,RE,Residential,1969,LI,51.0537987,-114.094028,2090.0,22497.0,186000
207 SHAWNEE ME SW,SHS,SHAWNEE SLOPES,RE,Residential,1988,LI,50.9263317,-114.0821071,539.3,5805.0,773500
127 LEGACY REACH CO SE,LEG,LEGACY,RE,Residential,2024,LI,50.8588222,-113.9994032,278.1,2993.0,630000
2620 SIGNAL RIDGE VW SW,SIG,SIGNAL HILL,RE,Residential,1989,LI,51.0312728,-114.1709855,529.5,5700.0,1110000
203 17 AV NE,TUX,TUXEDO PARK,RE,Residential,1945,LI,51.067467,-114.0593629,579.7,6240.0,663000
4 CHAPALA SQ SE,CHA,CHAPARRAL,RE,Residential,2003,LI,50.8788656,-114.031925,544.7,5863.0,861500
408 1235 13 AV SW,BLN,BELTLINE,RE,Residential,2002,LI,51.0411676,-114.0907695,1512.0,16275.0,300000
16 PANATELLA LN NW,PAN,PANORAMA HILLS,RE,Residential,2005,LI,51.1664577,-114.0720664,447.4,4816.0,737000
196 EDGEDALE WY NW,EDG,EDGEMONT,RE,Residential,1979,LI,51.1169066,-114.1550922,376.8,4056.0,598500
7613 22 ST SE,OGD,OGDEN,RE,Residential,1975,LI,50.9845415,-114.0060856,278.8,3001.0,398000
163 COVEPARK PL NE,COV,COVENTRY HILLS,RE,Residential,2004,LI,51.168255,-114.0551226,289.7,3119.0,565500
106 6600 OLD BANFF COACH RD SW,PAT,PATTERSON,RE,Residential,1999,LI,51.0621115,-114.1826946,2305.0,24810.0,256500
408 930 16 AV SW,BLN,BELTLINE,RE,Residential,2015,LI,51.0384627,-114.0834713,1019.0,10969.0,231500
173 CRESTRIDGE WY SW,CRM,CRESTMONT,RE,Residential,2004,LI,51.0853392,-114.2619595,504.8,5433.0,938500
75V 135 26 AV SW,MIS,MISSION,RE,Residential,2012,LI,51.0288996,-114.0657813,4050.0,43595.0,25000
193 ERIN CI SE,ERI,ERIN WOODS,RE,Residential,1997,LI,51.0168929,-113.9639446,314.9,3390.0,576000
107 TREMBLANT WY SW,SPH,SPRINGBANK HILL,RE,Residential,2006,LI,51.0342235,-114.2145964,453.5,4882.0,938500
83 NEW BRIGHTON CM SE,NEB,NEW BRIGHTON,RE,Residential,2008,LI,50.9155526,-113.9437796,310.0,3337.0,434500
267V 135 13 AV SW,BLN,BELTLINE,RE,Residential,2008,LI,51.0404459,-114.0651807,1625.4,17496.0,25000
22 420 GRIER AV NE,GRV,GREENVIEW,RE,Residential,1980,LI,51.0993291,-114.0544048,10805.1,116305.0,247000
304 LYNNVIEW CR SE,OGD,OGDEN,RE,Residential,1975,LI,50.9966233,-114.0202864,545.3,5870.0,568000
69 SPRINGBOROUGH BV SW,SPH,SPRINGBANK HILL,RE,Residential,2002,LI,51.0325305,-114.1928523,499.0,5371.0,1150000
325 117 COPPERPOND CM SE,CPF,COPPERFIELD,RE,Residential,2013,LI,50.9240146,-113.9335368,2478.2,26676.0,190500
119 CHAPALA CR SE,CHA,CHAPARRAL,RE,Residential,1998,LI,50.8834787,-114.0307276,499.8,5380.0,779500
275 COPPERFIELD GR SE,CPF,COPPERFIELD,RE,Residential,2005,LI,50.9116318,-113.9426892,352.3,3792.0,705500
171 MIDBEND CR SE,MID,MIDNAPORE,RE,Residential,1979,LI,50.9092869,-114.0591607,378.8,4078.0,571500
7616 25 ST SE,OGD,OGDEN,RE,Residential,1960,LI,50.984412,-113.9995804,561.1,6040.0,566500
813 PANORAMA HILLS DR NW,PAN,PANORAMA HILLS,RE,Residential,1999,LI,51.1508126,-114.0851611,470.0,5059.0,652000
10808 SHAMROCK PL SW,SOW,SOUTHWOOD,RE,Residential,1968,LI,50.9562417,-114.0797698,668.6,7197.0,629000
5207 13531 DEER RUN BV SE,DRN,DEER RUN,RE,Residential,1981,LI,50.9314092,-114.0103809,27680.2,297947.0,185500
4212 BOWLEN ST NW,BRE,BRENTWOOD,RE,Residential,1961,LI,51.0923328,-114.1213811,547.1,5889.0,745000
2048 26 ST SE,SOV,SOUTHVIEW,RE,Residential,1931,LI,51.0342016,-113.9943257,557.4,6000.0,641500
19 TEMPLEBOW WY NE,TEM,TEMPLE,RE,Residential,1979,LI,51.0947345,-113.9473434,464.2,4997.0,625000
1394 148 AV NW,CAR,CARRINGTON,RE,Residential,2022,LI,51.187414,-114.0917365,121.0,1302.0,531500
23 SHANNON HL SW,SHN,SHAWNESSY,RE,Residential,1991,LI,50.9135922,-114.0909012,513.4,5527.0,589500
29 7205 4 ST NE,HUN,HUNTINGTON HILLS,RE,Residential,1977,LI,51.1136586,-114.0563212,71308.1,767554.0,296500
48 TUSCANY RIDGE PL NW,TUS,TUSCANY,RE,Residential,2002,LI,51.120065,-114.2489007,464.8,5003.0,1010000
69 SIMCOE CL SW,SIG,SIGNAL HILL,RE,Residential,2001,LI,51.0324651,-114.1860851,503.3,5417.0,1020000
5327 5 AV SE,PEN,PENBROOKE MEADOWS,RE,Residential,1971,LI,51.0485309,-113.9542718,408.2,4394.0,421500
277 PANTON WY NW,PAN,PANORAMA HILLS,RE,Residential,2013,LI,51.1718777,-114.0888959,355.2,3823.0,703500
220 WALDEN PH SE,WAL,WALDEN,RE,Residential,2015,LI,50.8674178,-114.0292429,107.8,1160.0,470500
624 26 AV NE,WIN,WINSTON HEIGHTS/MOUNTVIEW,RE,Residential,1962,LI,51.0761546,-114.0489995,664.4,7152.0,747000
63V 5500 SOMERVALE CO SW,SOM,SOMERSET,RE,Residential,2003,LI,50.8949566,-114.0694289,6090.0,65554.0,10000
10719 MAPLEGLEN CR SE,MPL,MAPLE RIDGE,RE,Residential,1967,LI,50.9578712,-114.0370991,503.6,5421.0,756500
96S 310 MCKENZIE TOWNE GA SE,MCT,MCKENZIE TOWNE,RE,Residential,2010,LI,50.913886,-113.9559587,3157.4,33987.0,2500
44 WOOD CREST CL SW,WOO,WOODLANDS,RE,Residential,1979,LI,50.9343526,-114.1145343,1086.7,11697.0,811500
218 SETON PS SE,SET,SETON,RE,Residential,2018,LI,50.8758754,-113.9482349,22447.0,241625.0,509500
5060 NESBITT RD NW,NHV,NORTH HAVEN,RE,Residential,1966,LI,51.0999723,-114.0821052,532.7,5734.0,723000
75 4511 GLENMORE TR SE,SFH,SOUTH FOOTHILLS,NR,Non-residential,2007,LI,50.9785938,-113.9698577,12156.0,130850.0,568500
147 CHEROVAN DR SW,CHK,CHINOOK PARK,RE,Residential,1959,LI,50.9849358,-114.0842446,718.7,7737.0,813000
86 HARVEST WOOD WY NE,HAR,HARVEST HILLS,RE,Residential,1990,LI,51.1524507,-114.049652,517.8,5574.0,653500
414 SADDLECREEK WY NE,SAD,SADDLE RIDGE,RE,Residential,2002,LI,51.1296566,-113.9553706,390.7,4205.0,758000
116 WOLF HOLLOW CR SE,WWO,WOLF WILLOW,RE,Residential,2020,LI,50.8745852,-114.001773,320.0,3445.0,828500
904 38 9 ST NE,BRD,BRIDGELAND/RIVERSIDE,RE,Residential,2014,LI,51.0494309,-114.0394334,4610.0,49623.0,500000
42 SIGNATURE CL SW,SIG,SIGNAL HILL,RE,Residential,1989,LI,51.0335562,-114.1704097,698.7,7521.0,987000
48 RUNDLELAWN CL NE,RUN,RUNDLE,RE,Residential,1977,LI,51.0803532,-113.9764066,482.8,5197.0,512000
115 EAGLE RIDGE DR SW,EAG,EAGLE RIDGE,RE,Residential,1964,LI,50.9844466,-114.0981264,1509.2,16245.0,2070000
167V 2416 ERLTON ST SW,ERL,ERLTON,RE,Residential,2003,LI,51.0318411,-114.0619278,2455.9,26436.0,15000
149 TARALEA CI NE,TAR,TARADALE,RE,Residential,2005,LI,51.1166461,-113.9362443,299.3,3221.0,552000
14 SCANLON HL NW,SCE,SCENIC ACRES,RE,Residential,1990,LI,51.1236773,-114.2196142,456.3,4911.0,813500
1908 29 AV SW,SOC,SOUTH CALGARY,RE,Residential,2003,LI,51.028014,-114.1050058,290.4,3126.0,900000
44 BEACONSFIELD WY NW,BED,BEDDINGTON HEIGHTS,RE,Residential,1980,LI,51.129381,-114.1025683,457.6,4926.0,602000
4805 WESTWINDS DR NE,WES,WESTWINDS,NR,Non-residential,2001,LI,51.0998243,-113.9640696,5660.0,60926.0,896500
228 MAHOGANY BA SE,MAH,MAHOGANY,RE,Residential,2011,LI,50.9006165,-113.9354348,1071.5,11534.0,1230000
7780 SPRINGBANK WY SW,SPH,SPRINGBANK HILL,RE,Residential,2001,LI,51.0211471,-114.1985259,501.8,5402.0,847000
104 CITADEL PA NW,CIT,CITADEL,RE,Residential,1994,LI,51.1434475,-114.174011,512.2,5513.0,742000
276 CRANBROOK GD SE,CRA,CRANSTON,RE,Residential,2024,LI,50.8588582,-113.9714816,568.7,6122.0,926000
3101 230 EVERSYDE BV SW,EVE,EVERGREEN,NR,Non-residential,2009,LI,50.9087173,-114.1097958,768.4,8271.0,510000
208 PINEMILL ME NE,PIN,PINERIDGE,RE,Residential,1979,LI,51.0739328,-113.9497045,375.9,4046.0,466000
2304 LANCING AV SW,NGM,NORTH GLENMORE PARK,RE,Residential,1961,LI,50.9954781,-114.1136626,618.4,6657.0,816500
187 HIDDEN SPRING CL NW,HID,HIDDEN VALLEY,RE,Residential,1994,LI,51.1501829,-114.1089746,593.0,6383.0,692500
318 HERRON ME NE,LIV,LIVINGSTON,RE,Residential,2023,LI,51.1882957,-114.0496576,270.2,2909.0,683000
31 448 STRATHCONA DR SW,STR,STRATHCONA PARK,RE,Residential,1980,LI,51.049647,-114.1737226,12731.1,137037.0,463000
130 BRIGHTONCREST GV SE,NEB,NEW BRIGHTON,RE,Residential,2009,LI,50.9265235,-113.9517447,276.3,2974.0,545000
1523 17 AV NW,CAP,CAPITOL HILL,RE,Residential,1947,LI,51.0677674,-114.0959588,557.2,5998.0,733500
507 BROOKMERE CR SW,BRA,BRAESIDE,RE,Residential,1977,LI,50.9581841,-114.1079703,598.0,6438.0,582500
180V 168 ST MORITZ DR SW,SPH,SPRINGBANK HILL,RE,Residential,2006,LI,51.0364051,-114.2154475,13350.0,143703.0,10000
2336 CHICOUTIMI DR NW,CHW,CHARLESWOOD,RE,Residential,1960,LI,51.0866783,-114.1149077,510.6,5497.0,932000
1312 17 AV NW,CAP,CAPITOL HILL,RE,Residential,1946,LI,51.0682802,-114.0903861,557.1,5996.0,724000
313 315 HERITAGE DR SE,ACA,ACADIA,RE,Residential,1968,LI,50.9794398,-114.0628936,18738.2,201696.0,214500
1315 70 AV SW,KEL,KELVIN GROVE,RE,Residential,1964,LI,50.9904371,-114.0912578,752.0,8095.0,1490000
107 ROYAL ELM WY NW,ROY,ROYAL OAK,RE,Residential,2002,LI,51.1418516,-114.2322701,299.5,3223.0,675000
180 ROCKYWOOD PA NW,ROC,ROCKY RIDGE,RE,Residential,2003,LI,51.1505219,-114.2495008,472.0,5081.0,723500
228 CORAL SPRINGS ME NE,COR,CORAL SPRINGS,RE,Residential,1997,LI,51.1093662,-113.9292511,378.4,4073.0,534500
30 SOMERSIDE MR SW,SOM,SOMERSET,RE,Residential,1996,LI,50.9026081,-114.0958898,335.7,3614.0,680000
73 SIMCOE CI SW,SIG,SIGNAL HILL,RE,Residential,2001,LI,51.0373028,-114.1821657,374.4,4030.0,783500
26 TUSCANY MEADOWS CM NW,TUS,TUSCANY,RE,Residential,2000,LI,51.1171269,-114.2414388,382.8,4121.0,719500
270 AQUILA DR NW,GLR,GLACIER RIDGE,RE,Residential,2022,LI,51.1860158,-114.168657,222.6,2396.0,580500
4503 44 AV NE,WHI,WHITEHORN,RE,Residential,1976,LI,51.0922033,-113.9658182,371.5,3999.0,511000
7627 21 ST SE,OGD,OGDEN,RE,Residential,1959,LI,50.9841194,-114.0089151,557.3,5999.0,553000
106 835 19 AV SW,LMR,LOWER MOUNT ROYAL,RE,Residential,1979,LI,51.0359561,-114.0810479,1669.1,17966.0,239000
2105 BROADVIEW RD NW,WHL,WEST HILLHURST,RE,Residential,2012,LI,51.0497726,-114.1083881,290.2,3123.0,1040000
3123 6818 PINECLIFF GV NE,PIN,PINERIDGE,RE,Residential,2001,LI,51.0756464,-113.9355042,9567.7,102989.0,159000
113 ELGIN MR SE,MCT,MCKENZIE TOWNE,RE,Residential,2005,LI,50.9044802,-113.9687502,385.0,4144.0,656000
137 LAGUNA CL NE,MOR,MONTEREY PARK,RE,Residential,1991,LI,51.082205,-113.9300579,333.0,3585.0,520000
6316 TRAVOIS CR NW,THO,THORNCLIFFE,RE,Residential,1965,LI,51.1087869,-114.0632989,510.6,5496.0,529000
15359 1 ST NW,LIV,LIVINGSTON,RE,Residential,2023,LI,51.191804,-114.0741352,222.8,2398.0,586000
216V 214 12 AV SE,BLN,BELTLINE,RE,Residential,2009,LI,51.0419879,-114.0591167,244.3,2629.0,25000
303 647 1 AV NE,BRD,BRIDGELAND/RIVERSIDE,RE,Residential,1981,LI,51.0531672,-114.0486768,2108.4,22695.0,211500
343 SILVERADO DR SW,SVO,SILVERADO,RE,Residential,2007,LI,50.8792154,-114.0771629,406.1,4371.0,595000
21 STRATHRIDGE WY SW,STR,STRATHCONA PARK,RE,Residential,2000,LI,51.0516425,-114.1935346,564.4,6075.0,1080000
19616 40 ST SE,SET,SETON,RE,Residential,2018,LI,50.8762982,-113.9507473,75.0,807.0,467500
938V 25 WALGROVE WK SE,WAL,WALDEN,RE,Residential,2019,LI,50.865823,-114.027334,1900.0,20452.0,10000
63 SKYVIEW SHORES RD NE,SKR,SKYVIEW RANCH,RE,Residential,2012,LI,51.1558149,-113.9680787,352.2,3791.0,725500
238V 55 SPRUCE PL SW,SPR,SPRUCE CLIFF,RE,Residential,2006,LI,51.0432499,-114.1356069,5257.0,56587.0,15000
623 TEMPLESIDE RD NE,TEM,TEMPLE,RE,Residential,1977,LI,51.0822384,-113.9493179,464.4,4999.0,537000
61 SKYVIEW SHORES CR NE,SKR,SKYVIEW RANCH,RE,Residential,2009,LI,51.1583962,-113.9685092,353.8,3808.0,692500
413S 60 ROYAL OAK PZ NW,ROY,ROYAL OAK,RE,Residential,2007,LI,51.1499269,-114.2139016,6410.0,68999.0,2500
145 EVANSMEADE PT NW,EVN,EVANSTON,RE,Residential,2003,LI,51.1606621,-114.1132817,380.8,4099.0,567000
4202 181 SKYVIEW RANCH MR NE,SKR,SKYVIEW RANCH,RE,Residential,2015,LI,51.1641664,-113.9485882,24440.4,263083.0,306000
52 HOBART RD SW,HAY,HAYSBORO,RE,Residential,1959,LI,50.9694822,-114.0935363,552.1,5943.0,627500
161 ROCKY RIDGE CV NW,ROC,ROCKY RIDGE,RE,Residential,1997,LI,51.1436225,-114.2391403,449.7,4841.0,866500
247 TARAVISTA DR NE,TAR,TARADALE,RE,Residential,2003,LI,51.1202676,-113.9356318,269.0,2896.0,538000
39 ASPEN MEADOWS GR SW,ASP,ASPEN WOODS,RE,Residential,2005,LI,51.0420769,-114.1892897,402.0,4327.0,1250000
1062V 7451 SPRINGBANK BV SW,SPH,SPRINGBANK HILL,RE,Residential,1999,LI,51.0175823,-114.1947215,9920.0,106778.0,10000
1102 6 ST NE,REN,RENFREW,RE,Residential,1947,LI,51.0616827,-114.0477263,438.1,4716.0,592500
401 10 DOVER PT SE,DOV,DOVER,RE,Residential,1995,LI,51.0170141,-113.9987054,13030.0,140254.0,233000
203 TEMPLEHILL DR NE,TEM,TEMPLE,RE,Residential,1978,LI,51.0862031,-113.9464088,17968.7,193413.0,297500
390V 60 24 AV SW,ERL,ERLTON,RE,Residential,2000,LI,51.0326023,-114.0613276,3830.0,41226.0,15000
4152 MARYVALE RD NE,MRL,MARLBOROUGH,RE,Residential,1971,LI,51.0570927,-113.9723923,611.9,6587.0,515500
548 COACH GROVE RD SW,COA,COACH HILL,RE,Residential,1986,LI,51.0545319,-114.1739068,828.8,8921.0,1030000
2008 48 ST SE,FLI,FOREST LAWN -  INDUSTRIAL,NR,Non-residential,1972,LI,51.0356225,-113.9641463,8093.2,87114.0,3730000
59 DEERCROSS RD SE,DRN,DEER RUN,RE,Residential,1983,LI,50.9250192,-114.0107182,494.6,5324.0,655000
259 4999 43 ST SE,EFI,EASTFIELD,NR,Non-residential,2000,LI,51.0095932,-113.9698887,10370.0,111625.0,213000
247 REDSTONE BV NE,RSN,REDSTONE,RE,Residential,2019,LI,51.1694619,-113.9512638,181.5,1954.0,482500
548 PANATELLA WK NW,PAN,PANORAMA HILLS,RE,Residential,2014,LI,51.1716428,-114.0741912,19479.5,209682.0,457500
3716 2 ST NW,HPK,HIGHLAND PARK,NR,Non-residential,1956,LI,51.0856935,-114.066008,5927.5,63805.0,1190000
169 HOWSE AV NE,LIV,LIVINGSTON,RE,Residential,2017,LI,51.1872061,-114.0673723,260.5,2805.0,640000
155 270 NOLANRIDGE CR NW,02C,RESIDUAL WARD 2 - SUB AREA 2C,NR,Non-residential,2022,LI,51.1696761,-114.1726149,5200.0,55974.0,563500
13 TUSCANY VALLEY GR NW,TUS,TUSCANY,RE,Residential,1998,LI,51.1300471,-114.245402,258.0,2777.0,581000
826V 30 DISCOVERY RIDGE CL SW,DIS,DISCOVERY RIDGE,RE,Residential,2006,LI,51.0129827,-114.2129228,2531.7,27252.0,10000
409 60 24 AV SW,ERL,ERLTON,RE,Residential,2000,LI,51.0326023,-114.0613276,3830.0,41226.0,457500
2615 15 ST SW,BNK,BANKVIEW,RE,Residential,1952,LI,51.0309926,-114.0972266,518.7,5584.0,827000
6132 TWEED ST NE,THO,THORNCLIFFE,RE,Residential,1966,LI,51.106588,-114.0599901,469.7,5056.0,544500
217 8505 BROADCAST AV SW,WSP,WEST SPRINGS,RE,Residential,2019,LI,51.0643048,-114.2093328,2220.0,23897.0,615500
308 812 8 ST SE,ING,INGLEWOOD,RE,Residential,1911,LI,51.0438432,-114.0407175,1510.9,16264.0,366000
16367 SOMERCREST ST SW,SOM,SOMERSET,RE,Residential,1999,LI,50.9021748,-114.0905098,382.9,4122.0,562000
127 VALLEY BROOK CI NW,VAL,VALLEY RIDGE,RE,Residential,1997,LI,51.0903288,-114.2423918,440.7,4743.0,652000
513 DIAMOND CO SE,DIA,DIAMOND COVE,RE,Residential,1992,LI,50.943362,-114.0182205,762.1,8203.0,867000
1428 18A ST NE,MAL,MAYLAND HEIGHTS,RE,Residential,1959,LI,51.0649151,-114.0141535,557.0,5996.0,598500
27 WHITAKER BA NE,WHI,WHITEHORN,RE,Residential,1981,LI,51.0855214,-113.978111,333.4,3589.0,400500
711 42 ST SE,FHT,FOREST HEIGHTS,RE,Residential,1972,LI,51.0474379,-113.9724782,390.6,4205.0,405000
56 EVANSTON RI NW,EVN,EVANSTON,RE,Residential,2004,LI,51.1631182,-114.1173156,394.5,4247.0,759500
7203 3 ST NE,HUN,HUNTINGTON HILLS,RE,Residential,1973,LI,51.1163661,-114.0562832,551.4,5935.0,568000
1910 26 ST SW,KIL,KILLARNEY/GLENGARRY,RE,Residential,1955,LI,51.0374536,-114.123363,580.1,6244.0,791500
926 19 AV NW,MOP,MOUNT PLEASANT,RE,Residential,1992,LI,51.0700706,-114.0828643,331.2,3565.0,825500
39 GOVERNOR DR SW,GLA,GLAMORGAN,RE,Residential,1957,LI,51.0142189,-114.1495991,588.1,6330.0,673000
103 1502 21 AV SW,BNK,BANKVIEW,RE,Residential,1968,LI,51.0352627,-114.0962336,820.8,8835.0,149000
86 EVANSBROOKE MR NW,EVN,EVANSTON,RE,Residential,2004,LI,51.1656824,-114.1233788,493.9,5316.0,677500
808 80 POINT MCKAY CR NW,POI,POINT MCKAY,RE,Residential,1981,LI,51.062677,-114.1477102,9752.9,104979.0,382000
3 308 32 AV NE,HPK,HIGHLAND PARK,RE,Residential,2023,LI,51.0819198,-114.0571413,530.0,5705.0,687500
3907 25 AV SW,GDL,GLENDALE,RE,Residential,1954,LI,51.0315173,-114.1429619,471.3,5074.0,791500
148 RUNDLEHILL DR NE,RUN,RUNDLE,RE,Residential,1975,LI,51.0757918,-113.9693756,464.5,5000.0,576500
11040 BRATON PL SW,BRA,BRAESIDE,RE,Residential,1968,LI,50.9552393,-114.1004474,510.6,5496.0,635500
138 COVEWOOD CI NE,COV,COVENTRY HILLS,RE,Residential,2002,LI,51.168438,-114.0444626,332.2,3576.0,583000
116 CITADEL PA NW,CIT,CITADEL,RE,Residential,1993,LI,51.1437108,-114.1745319,517.1,5566.0,949000
210 FORTRESS BA SW,SPH,SPRINGBANK HILL,RE,Residential,2011,LI,51.023444,-114.210254,930.0,10011.0,1850000
2317 ERLTON ST SW,ERL,ERLTON,RE,Residential,1999,LI,51.0328412,-114.0627076,106.5,1147.0,778000
18 GLAMIS GD SW,GLA,GLAMORGAN,RE,Residential,1980,LI,51.0121872,-114.164278,20072.4,216057.0,500500
1503 108 WATERFRONT CO SW,CHN,CHINATOWN,RE,Residential,2015,LI,51.0533633,-114.0660928,7377.8,79417.0,661000
449 EVANSTON VW NW,EVN,EVANSTON,RE,Residential,2006,LI,51.1674842,-114.1122512,423.8,4562.0,672000
188 DEER RUN CL SE,DRN,DEER RUN,RE,Residential,1978,LI,50.9196369,-114.0101894,505.6,5442.0,678500
242 MT DOUGLAS CL SE,MCK,MCKENZIE LAKE,RE,Residential,2000,LI,50.9248499,-113.9837328,469.7,5056.0,823000
38 EVERGLADE WY SW,EVE,EVERGREEN,RE,Residential,2005,LI,50.9235309,-114.1309422,426.7,4593.0,949000
47 ROYAL CREST WY NW,ROY,ROYAL OAK,RE,Residential,1998,LI,51.1395313,-114.2160497,448.1,4823.0,815500
23 2519 38 ST NE,RUN,RUNDLE,RE,Residential,1978,LI,51.0748181,-113.978868,19448.6,209343.0,301000
264 WOODFIELD RD SW,WBN,WOODBINE,RE,Residential,1983,LI,50.9345952,-114.124933,542.2,5837.0,804000
108 1410 2 ST SW,BLN,BELTLINE,RE,Residential,1995,LI,51.039565,-114.0675964,2753.6,29639.0,241000
15 INVERNESS GV SE,MCT,MCKENZIE TOWNE,RE,Residential,1997,LI,50.9126985,-113.974436,604.2,6504.0,511000
611 DEERCROFT WY SE,DRN,DEER RUN,RE,Residential,1979,LI,50.9181199,-114.0034912,551.6,5938.0,675000
151 SCHOONER CV NW,SCE,SCENIC ACRES,RE,Residential,1995,LI,51.1229544,-114.2269546,796.4,8572.0,877000
201 MAGNOLIA TC SE,MAH,MAHOGANY,RE,Residential,2021,LI,50.8882526,-113.9164144,242.7,2612.0,571500
384V 200 SETON CI SE,SET,SETON,RE,Residential,2022,LI,50.8698579,-113.9549954,2770.0,29817.0,10000
33 HARVEST PARK PL NE,HAR,HARVEST HILLS,RE,Residential,1998,LI,51.1496237,-114.0560723,445.0,4790.0,651500
8496 19 AV SE,BVD,BELVEDERE,RE,Residential,2023,LI,51.0358565,-113.9113265,143.7,1547.0,547000
410 727 56 AV SW,WND,WINDSOR PARK,RE,Residential,1982,LI,51.0032744,-114.079507,3093.7,33300.0,276500
85 COVEPARK RD NE,COV,COVENTRY HILLS,RE,Residential,2005,LI,51.1684616,-114.0519097,318.1,3424.0,535500
35A NEW ST SE,ING,INGLEWOOD,RE,Residential,1946,LI,51.0412298,-114.0280209,336.1,3618.0,574500
31 300 EVANSCREEK CO NW,EVN,EVANSTON,RE,Residential,2006,LI,51.1666962,-114.1192121,126.0,1356.0,459000
416 EVANSTON VW NW,EVN,EVANSTON,RE,Residential,2005,LI,51.1664717,-114.1128603,418.7,4507.0,698000
5220 66 ST NW,SIL,SILVER SPRINGS,RE,Residential,1973,LI,51.0990236,-114.1819613,582.1,6266.0,759500
88 ROWMONT DR NW,HSN,HASKAYNE,RE,Residential,2022,LI,51.1047826,-114.2743761,254.8,2743.0,810500
87 DEER RIDGE WY SE,DRG,DEER RIDGE,RE,Residential,1984,LI,50.9288211,-114.0233907,439.6,4732.0,507500
17 111 TARAWOOD LN NE,TAR,TARADALE,RE,Residential,2003,LI,51.1223843,-113.9426896,153.0,1647.0,353500
122 CUMBERLAND DR NW,CAM,CAMBRIAN HEIGHTS,RE,Residential,1957,LI,51.0843592,-114.0885976,556.9,5995.0,680500
327 360 HARVEST HILLS WY NE,HAR,HARVEST HILLS,RE,Residential,2021,LI,51.1526399,-114.0413166,8300.0,89343.0,352000
8119 BOWGLEN RD NW,BOW,BOWNESS,RE,Residential,2011,LI,51.0894491,-114.2035826,640.0,6889.0,915500
178 EVANSRIDGE PL NW,EVN,EVANSTON,RE,Residential,2012,LI,51.1768468,-114.1238314,439.0,4726.0,977500
122 8 ST NE,BRD,BRIDGELAND/RIVERSIDE,RE,Residential,2007,LI,51.0529246,-114.0418525,1980.0,21313.0,269000
303 WOODPARK PL SW,WOO,WOODLANDS,RE,Residential,1976,LI,50.9435475,-114.1071729,606.3,6527.0,690000
82V 40 PARKRIDGE VW SE,PKL,PARKLAND,RE,Residential,2001,LI,50.9191496,-114.0235291,6180.0,66521.0,10000
153V 510 EDMONTON TR NE,BRD,BRIDGELAND/RIVERSIDE,RE,Residential,2014,LI,51.0563354,-114.0530187,3972.6,42762.0,15000
56 5625 SILVERDALE DR NW,SIL,SILVER SPRINGS,RE,Residential,1976,LI,51.102578,-114.1893176,19303.5,207781.0,391000
128 SCHUBERT HL NW,SCE,SCENIC ACRES,RE,Residential,1991,LI,51.1273245,-114.2247622,491.9,5294.0,784000
8 714 5A ST NW,SSD,SUNNYSIDE,RE,Residential,1978,LI,51.057535,-114.0751218,836.1,9000.0,339000
8 104 VILLAGE HT SW,PAT,PATTERSON,RE,Residential,1987,LI,51.0568436,-114.169591,67991.8,731857.0,379000
256 16 AV NE,TUX,TUXEDO PARK,NR,Non-residential,1996,LI,51.0670831,-114.0565355,4062.1,43726.0,4390000
424 TEMPLEVIEW DR NE,TEM,TEMPLE,RE,Residential,1978,LI,51.082446,-113.9417211,232.2,2499.0,397500
4411 52 ST NW,VAR,VARSITY,RE,Residential,1967,LI,51.0909817,-114.1620092,520.6,5604.0,798500
555 MAHOGANY BV SE,MAH,MAHOGANY,RE,Residential,2015,LI,50.9029039,-113.9135652,324.0,3487.0,682000
3202 3 ST SW,ROX,ROXBORO,RE,Residential,1930,LI,51.0260664,-114.0693694,583.4,6280.0,1540000
221V 25 ASPENMONT HT SW,ASP,ASPEN WOODS,RE,Residential,2013,LI,51.03841,-114.2137343,2840.0,30571.0,10000
73 3745 FONDA WY SE,FHT,FOREST HEIGHTS,RE,Residential,1978,LI,51.0511518,-113.9784948,16428.3,176833.0,219000
103 1534 15 AV SW,SNA,SUNALTA,RE,Residential,1968,LI,51.039972,-114.0965605,906.2,9755.0,184000
64 SILVERADO RANGE CL SW,SVO,SILVERADO,RE,Residential,2006,LI,50.8858134,-114.0755436,343.7,3699.0,529500
16 WOODCROFT PL SW,WOO,WOODLANDS,RE,Residential,1980,LI,50.9420901,-114.1027669,657.9,7081.0,764000
303 650 EAU CLAIRE AV SW,EAU,EAU CLAIRE,RE,Residential,2007,LI,51.052608,-114.0734211,7100.0,76426.0,831000
45 3015 51 ST SW,GBK,GLENBROOK,RE,Residential,1979,LI,51.028883,-114.1626939,31632.0,340483.0,299500
155 CANTREE PL SW,CAN,CANYON MEADOWS,RE,Residential,1973,LI,50.9402749,-114.0737347,833.3,8970.0,630500
5404 THORNDALE RD NW,THO,THORNCLIFFE,RE,Residential,1954,LI,51.1002021,-114.0688609,557.0,5996.0,539500
17 CADOGAN RD NW,CAM,CAMBRIAN HEIGHTS,RE,Residential,1957,LI,51.0850525,-114.0913151,556.9,5995.0,736500
215 19621 40 ST SE,SET,SETON,RE,Residential,2018,LI,50.8766343,-113.9521017,4722.0,50829.0,264000
319 TUSCANY ESTATES RI NW,TUS,TUSCANY,RE,Residential,2009,LI,51.1102304,-114.254251,608.5,6550.0,1430000
228 CITADEL PASS CO NW,CIT,CITADEL,RE,Residential,1992,LI,51.1416079,-114.1803896,449.6,4840.0,670500
212 1905 27 AV SW,SOC,SOUTH CALGARY,RE,Residential,2007,LI,51.0290835,-114.105114,1159.5,12481.0,489500
629 910 CENTRE AV NE,BRD,BRIDGELAND/RIVERSIDE,RE,Residential,2005,LI,51.0529246,-114.0418525,3200.0,34446.0,326000
69 BRIGHTONCREST HT SE,NEB,NEW BRIGHTON,RE,Residential,2012,LI,50.922466,-113.9431664,369.4,3977.0,723500
20 SIMCOE PL SW,SIG,SIGNAL HILL,RE,Residential,2000,LI,51.0359297,-114.1831504,440.7,4744.0,719500
420 SILVER VALLEY DR NW,SIL,SILVER SPRINGS,RE,Residential,1975,LI,51.1079693,-114.205841,673.4,7249.0,774000
11 181 ROCKYLEDGE VW NW,ROC,ROCKY RIDGE,RE,Residential,2007,LI,51.1416437,-114.2487241,4200.0,45210.0,354500
86 SILVERADO CREST PL SW,SVO,SILVERADO,RE,Residential,2016,LI,50.8811649,-114.0894041,658.2,7085.0,1010000
783 LAKE TWINTREE CR SE,LKB,LAKE BONAVISTA,RE,Residential,1971,LI,50.9388184,-114.0456302,464.2,4997.0,930000
184 WESTON MR SW,WSP,WEST SPRINGS,RE,Residential,2003,LI,51.0658537,-114.193872,359.9,3874.0,675000
120 MASTERS CR SE,MAH,MAHOGANY,RE,Residential,2016,LI,50.8983189,-113.9066477,318.0,3423.0,784500
695 ERIN WOODS DR SE,ERI,ERIN WOODS,RE,Residential,1992,LI,51.0186634,-113.9620655,304.4,3277.0,488000
289V 1111 10 ST SW,BLN,BELTLINE,RE,Residential,2008,LI,51.0425367,-114.0865746,2120.0,22820.0,25000
38 COPPERSTONE VI SE,CPF,COPPERFIELD,RE,Residential,2016,LI,50.9140496,-113.9180189,260.1,2800.0,474000
119V 1010 ARBOUR LAKE RD NW,ARB,ARBOUR LAKE,RE,Residential,1999,LI,51.1338921,-114.2112132,4657.0,50127.0,10000
7630 25 ST SE,OGD,OGDEN,RE,Residential,1971,LI,50.9839334,-113.9995788,280.6,3020.0,411500
78V 788 12 AV SW,BLN,BELTLINE,RE,Residential,2008,LI,51.042304,-114.0783115,1570.0,16900.0,25000
220 CHRISTIE PARK MR SW,CHR,CHRISTIE PARK,RE,Residential,1989,LI,51.0407126,-114.1732057,488.7,5261.0,979500
331 PANORAMA HILLS TC NW,PAN,PANORAMA HILLS,RE,Residential,2001,LI,51.153788,-114.0898083,690.0,7427.0,723000
147 REDSTONE HT NE,RSN,REDSTONE,RE,Residential,2016,LI,51.1732987,-113.9677642,377.2,4060.0,666500
2 934 MEMORIAL DR NW,SSD,SUNNYSIDE,RE,Residential,1980,LI,51.0540922,-114.0808272,1021.9,11000.0,790500
4317 10 AV SW,RCK,ROSSCARROCK,RE,Residential,1968,LI,51.04299,-114.1491093,869.6,9360.0,1100000
205V 1107 GLADSTONE RD NW,HIL,HILLHURST,RE,Residential,2019,LI,51.0562469,-114.0863759,859.2,9249.0,15000
159 PROMINENCE HT SW,PAT,PATTERSON,RE,Residential,1998,LI,51.0586841,-114.1758544,348.3,3749.0,570500
219 CANTREE BA SW,CAN,CANYON MEADOWS,RE,Residential,1974,LI,50.9378705,-114.0722957,836.1,9000.0,689500
301 71 SHAWNEE CM SW,SHS,SHAWNEE SLOPES,RE,Residential,2019,LI,50.9237858,-114.0784905,1916.0,20625.0,470500
66 AUBURN SOUND CL SE,AUB,AUBURN BAY,RE,Residential,2014,LI,50.8958457,-113.961841,941.7,10136.0,1160000
51 EVEROAK GR SW,EVE,EVERGREEN,RE,Residential,2008,LI,50.9154537,-114.1165162,348.9,3756.0,723000
31 LAKE GENEVA PL SE,LKB,LAKE BONAVISTA,RE,Residential,1971,LI,50.9387954,-114.0416758,588.0,6330.0,1010000
6305A BOWWOOD DR NW,BOW,BOWNESS,RE,Residential,1977,LI,51.0840618,-114.179105,229.3,2469.0,356500
3320 9 ST SE,HIF,HIGHFIELD,NR,Non-residential,1967,LI,51.0248579,-114.0393207,5317.9,57243.0,3080000
63 INVERNESS GD SE,MCT,MCKENZIE TOWNE,RE,Residential,1996,LI,50.9146665,-113.9718179,531.7,5724.0,591500
135 EVEROAK CL SW,EVE,EVERGREEN,RE,Residential,2007,LI,50.9144904,-114.1113935,387.1,4167.0,800500
320 WOODBINE BV SW,WBN,WOODBINE,RE,Residential,1981,LI,50.9467251,-114.1269278,416.2,4480.0,577500
26 ROCK LAKE VW NW,ROC,ROCKY RIDGE,RE,Residential,2016,LI,51.1485149,-114.2369817,410.0,4413.0,1340000
31 RIVERVIEW CI SE,RIV,RIVERBEND,RE,Residential,1994,LI,50.9672099,-114.0138418,496.9,5349.0,692500
28 SAGE BANK WY NW,SGH,SAGE HILL,RE,Residential,2012,LI,51.1795065,-114.1563949,357.8,3852.0,785000
402 2300 EVANSTON SQ NW,EVN,EVANSTON,RE,Residential,2012,LI,51.1728949,-114.1162177,2520.7,27133.0,381000
313V 10 DISCOVERY RIDGE CL SW,DIS,DISCOVERY RIDGE,RE,Residential,2005,LI,51.0129439,-114.2135522,6870.0,73950.0,10000
410 617 56 AV SW,WND,WINDSOR PARK,RE,Residential,1977,LI,51.0032737,-114.0769425,2842.4,30595.0,243000
1929 30 AV SW,SOC,SOUTH CALGARY,RE,Residential,2005,LI,51.0263227,-114.1062023,290.5,3127.0,953500
615 52 ST NE,MRL,MARLBOROUGH,RE,Residential,1970,LI,51.0582852,-113.9581187,676.5,7282.0,618500
344 DOVERVIEW CR SE,DOV,DOVER,RE,Residential,1973,LI,51.0169242,-113.9839429,445.8,4799.0,467500
281 PATTERSON BV SW,PAT,PATTERSON,RE,Residential,1998,LI,51.0675562,-114.1854931,761.8,8200.0,1050000
37 SIMCOE ME SW,SIG,SIGNAL HILL,RE,Residential,2000,LI,51.0318319,-114.1811892,787.3,8474.0,1100000
4302 385 PATTERSON HL SW,PAT,PATTERSON,RE,Residential,1988,LI,51.0631048,-114.1823529,4550.0,48976.0,244500
1818 16 AV NW,CAP,CAPITOL HILL,NR,Non-residential,2004,LI,51.0677635,-114.1037861,17300.0,186222.0,22900000
19 AUBURN BAY MR SE,AUB,AUBURN BAY,RE,Residential,2006,LI,50.885274,-113.9653696,272.0,2928.0,552500
367 94 AV SE,ACA,ACADIA,RE,Residential,1962,LI,50.9685466,-114.0611922,464.5,5000.0,615000
4515 NAMAKA CR NW,NHV,NORTH HAVEN,RE,Residential,1965,LI,51.0916354,-114.0910074,768.8,8275.0,704000
309 1110 3 AV NW,HIL,HILLHURST,RE,Residential,2011,LI,51.0558189,-114.0860856,3161.4,34030.0,395500
7 CEDARBROOK CL SW,CED,CEDARBRAE,RE,Residential,1987,LI,50.957266,-114.1254208,545.9,5876.0,755500
3004 1122 3 ST SE,BLN,BELTLINE,RE,Residential,2012,LI,51.0418405,-114.0555448,214.8,2312.0,462000
318 20 ROYAL OAK PZ NW,ROY,ROYAL OAK,RE,Residential,2008,LI,51.150414,-114.2162957,6329.0,68127.0,355500
168 MARTINDALE BV NE,MRT,MARTINDALE,RE,Residential,1989,LI,51.1144383,-113.9577151,237.8,2560.0,451000
6 TARARIDGE DR NE,TAR,TARADALE,RE,Residential,1983,LI,51.1109839,-113.9399923,420.3,4524.0,582500
60 CITADEL GV NW,CIT,CITADEL,RE,Residential,1997,LI,51.143088,-114.1662773,531.2,5718.0,821000
2028 KENSINGTON RD NW,WHL,WEST HILLHURST,RE,Residential,1950,LI,51.0525999,-114.1069125,904.2,9733.0,1070000
434 TUSCANY RIDGE HT NW,TUS,TUSCANY,RE,Residential,2004,LI,51.1287144,-114.2552576,312.3,3361.0,612500
80 SCENIC HILL CL NW,SCE,SCENIC ACRES,RE,Residential,1987,LI,51.1193655,-114.220788,449.5,4839.0,640500
44 SHERWOOD WY NW,SHW,SHERWOOD,RE,Residential,2006,LI,51.1586371,-114.143932,466.0,5016.0,914000
3915 VARMOOR RD NW,VAR,VARSITY,RE,Residential,1969,LI,51.0820089,-114.1442817,796.2,8570.0,911000
260 4037 42 ST NW,VAR,VARSITY,RE,Residential,1979,LI,51.0859199,-114.1510732,23148.0,249163.0,553000
110 10 BRENTWOOD CM NW,BRE,BRENTWOOD,NR,Non-residential,2013,LI,51.0868743,-114.1285667,3772.8,40611.0,921000
528V 310 12 AV SW,BLN,BELTLINE,RE,Residential,2015,LI,51.0421072,-114.0692241,2690.0,28956.0,25000
54 AUBURN SPRINGS CL SE,AUB,AUBURN BAY,RE,Residential,2014,LI,50.8893208,-113.9485045,372.1,4005.0,841500
355 MILLRISE DR SW,MLR,MILLRISE,RE,Residential,1989,LI,50.917642,-114.090753,479.6,5163.0,605000
136 24 AV SW,MIS,MISSION,RE,Residential,1990,LI,51.0318246,-114.0659126,607.0,6534.0,596000
2424 44 ST SE,FLN,FOREST LAWN,RE,Residential,1958,LI,51.0322813,-113.9693572,556.9,5995.0,465000
267V 730 2 AV SW,EAU,EAU CLAIRE,RE,Residential,2022,LI,51.0517377,-114.0771544,2650.0,28525.0,37000
188 WESTON MR SW,WSP,WEST SPRINGS,RE,Residential,2003,LI,51.0657549,-114.1938675,341.0,3671.0,722500
52 5625 SILVERDALE DR NW,SIL,SILVER SPRINGS,RE,Residential,1976,LI,51.102578,-114.1893176,19303.5,207781.0,365000
172S 790 KINGSMERE CR SW,KIN,KINGSLAND,RE,Residential,2000,LI,50.9891959,-114.0742856,3590.0,38644.0,2500
6437 PENBROOKE DR SE,PEN,PENBROOKE MEADOWS,RE,Residential,1974,LI,51.0484189,-113.9411974,325.4,3502.0,354000
2041 27 ST SE,SOV,SOUTHVIEW,RE,Residential,1955,LI,51.0345033,-113.993826,558.1,6008.0,520500
287V 550 RIVERFRONT AV SE,DNE,DOWNTOWN EAST VILLAGE,RE,Residential,2012,LI,51.0475453,-114.0495841,3053.7,32871.0,37000
